{
	"partitions" : [
		{
			"name" : "Top",
			"pins" : [
				{
					"name" : "Q",
					"strict" : false
				},
				{
					"name" : "QBar",
					"strict" : false
				},
				{
					"name" : "Preset",
					"strict" : false
				},
				{
					"name" : "Reset",
					"strict" : false
				},
				{
					"name" : "D",
					"strict" : false
				},
				{
					"name" : "Enable",
					"strict" : false
				},
				{
					"name" : "DBar",
					"strict" : false
				},
				{
					"name" : "clock",
					"strict" : false
				}
			]
		}
	]
}